metric_join	timestamp	ts_join	rt1_value	rt2_value	rt3_value	rt4_value	rt5_value	rt6_value	rt7_value	rt8_value	rt9_value	rt10_value
iostat.sda.write_byte_per_second	1511139826	50371327	65150.945	NULL	NULL	179299.115	NULL	88180.340	NULL	104180.094	NULL	NULL
iostat.sda.write_byte_per_second	1511139856	50371328	1861651.060	NULL	NULL	2195190.158	NULL	1517705.136	NULL	1287450.212	NULL	NULL
iostat.sda.write_byte_per_second	1511139886	50371329	3097804.283	NULL	NULL	2943269.744	NULL	2986725.843	NULL	3678034.026	NULL	NULL
iostat.sda.write_byte_per_second	1511139916	50371330	5573679.881	NULL	NULL	3778828.408	NULL	1454664.006	NULL	3939528.821	NULL	NULL
iostat.sda.write_byte_per_second	1511139946	50371331	3717387.290	NULL	NULL	2486408.355	NULL	3973564.969	NULL	4030801.208	NULL	NULL
iostat.sda.write_byte_per_second	1511139976	50371332	3752859.074	NULL	NULL	3621954.338	NULL	3384753.859	NULL	3867173.009	NULL	NULL
iostat.sda.write_byte_per_second	1511140006	50371333	4177747.548	NULL	NULL	5014051.648	NULL	4284590.104	NULL	2712369.773	NULL	NULL
iostat.sda.write_byte_per_second	1511140036	50371334	3686121.854	NULL	NULL	3215909.672	NULL	2962811.396	NULL	5761239.056	NULL	NULL
iostat.sda.write_byte_per_second	1511140066	50371335	4007531.412	NULL	NULL	4135519.998	NULL	1838822.852	NULL	2921110.965	NULL	NULL
iostat.sda.write_byte_per_second	1511140096	50371336	9536333.164	NULL	NULL	2970851.333	NULL	4173838.684	NULL	3296312.139	NULL	NULL
iostat.sda.write_byte_per_second	1511140126	50371337	4641733.652	NULL	NULL	2872356.947	NULL	2759389.914	NULL	8196217.812	NULL	NULL
iostat.sda.write_byte_per_second	1511140156	50371338	2339707.251	NULL	NULL	3730632.540	NULL	3871975.141	NULL	4711227.849	NULL	NULL
iostat.sda.write_byte_per_second	1511140186	50371339	4898845.774	NULL	NULL	3081593.407	NULL	3703538.023	NULL	4685414.549	NULL	NULL
iostat.sda.write_byte_per_second	1511140216	50371340	2367663.915	NULL	NULL	9775532.414	NULL	9464524.826	NULL	2980248.392	NULL	NULL
iostat.sda.write_byte_per_second	1511140246	50371341	4940382.610	NULL	NULL	5787925.748	NULL	4103900.342	NULL	3987593.484	NULL	NULL
iostat.sda.write_byte_per_second	1511140276	50371342	2837925.610	NULL	NULL	4073114.419	NULL	3215765.859	NULL	4170274.697	NULL	NULL
iostat.sda.write_byte_per_second	1511140306	50371343	4844446.527	NULL	NULL	4121814.923	NULL	2011956.543	NULL	3943901.459	NULL	NULL
iostat.sda.write_byte_per_second	1511140336	50371344	11135672.659	NULL	NULL	2638416.219	NULL	3999261.513	NULL	4076199.395	NULL	NULL
iostat.sda.write_byte_per_second	1511140366	50371345	3677386.338	NULL	NULL	5667681.459	NULL	3247838.807	NULL	3803351.760	NULL	NULL
iostat.sda.write_byte_per_second	1511140396	50371346	2531740.396	NULL	NULL	2336914.758	NULL	3853477.015	NULL	8887366.508	NULL	NULL
iostat.sda.write_byte_per_second	1511140426	50371347	4872997.039	NULL	NULL	3262120.974	NULL	2562549.010	NULL	6942036.852	NULL	NULL
iostat.sda.write_byte_per_second	1511140456	50371348	3799947.133	NULL	NULL	4153971.129	NULL	2230638.916	NULL	2957154.358	NULL	NULL
iostat.sda.write_byte_per_second	1511140486	50371349	3559106.407	NULL	NULL	8247967.487	NULL	4525070.698	NULL	2953981.502	NULL	NULL
iostat.sda.write_byte_per_second	1511140516	50371350	1685185.133	NULL	NULL	5209171.625	NULL	9440494.710	NULL	2987153.362	NULL	NULL
iostat.sda.write_byte_per_second	1511140546	50371351	4936718.887	NULL	NULL	4675667.394	NULL	2796776.103	NULL	3869196.070	NULL	NULL
iostat.sda.write_byte_per_second	1511140576	50371352	6982771.631	NULL	NULL	3168284.945	NULL	4218310.965	NULL	3762748.582	NULL	NULL
iostat.sda.write_byte_per_second	1511140606	50371353	7683097.810	NULL	NULL	3998008.716	NULL	3177625.406	NULL	2895408.369	NULL	NULL
iostat.sda.write_byte_per_second	1511140636	50371354	2688019.764	NULL	NULL	2871439.242	NULL	4117959.813	NULL	5530708.790	NULL	NULL
iostat.sda.write_byte_per_second	1511140666	50371355	5150100.323	NULL	NULL	5620675.135	NULL	1931946.728	NULL	2736613.054	NULL	NULL
iostat.sda.write_byte_per_second	1511140696	50371356	3525053.795	NULL	NULL	2106701.173	NULL	3115958.236	NULL	7904295.683	NULL	NULL
iostat.sda.write_byte_per_second	1511140726	50371357	3438617.883	NULL	NULL	3189538.464	NULL	3556286.701	NULL	7702576.446	NULL	NULL
iostat.sda.write_byte_per_second	1511140756	50371358	4051037.475	NULL	NULL	3999591.569	NULL	3214639.261	NULL	3212307.958	NULL	NULL
iostat.sda.write_byte_per_second	1511140786	50371359	3485310.264	NULL	NULL	8900306.625	NULL	3793869.020	NULL	4453769.701	NULL	NULL
iostat.sda.write_byte_per_second	1511140816	50371360	3310173.953	NULL	NULL	4575762.561	NULL	6246578.624	NULL	946690.524	NULL	NULL
iostat.sda.write_byte_per_second	1511140846	50371361	4408861.858	NULL	NULL	3332927.182	NULL	3332262.425	NULL	3066490.600	NULL	NULL
iostat.sda.write_byte_per_second	1511140876	50371362	4658719.899	NULL	NULL	2899011.801	NULL	4620651.539	NULL	3584532.754	NULL	NULL
iostat.sda.write_byte_per_second	1511140906	50371363	6287607.736	NULL	NULL	3079238.775	NULL	2553955.615	NULL	4358280.533	NULL	NULL
iostat.sda.write_byte_per_second	1511140936	50371364	5028235.281	NULL	NULL	4339249.769	NULL	2997597.248	NULL	4200447.566	NULL	NULL
iostat.sda.write_byte_per_second	1511140966	50371365	2434195.031	NULL	NULL	4348888.772	NULL	4307691.582	NULL	3670850.489	NULL	NULL
iostat.sda.write_byte_per_second	1511140996	50371366	3656098.478	NULL	NULL	3630015.208	NULL	2686043.727	NULL	3436535.411	NULL	NULL
iostat.sda.write_byte_per_second	1511141026	50371367	3840964.555	NULL	NULL	3151789.245	NULL	3103653.066	NULL	3845835.012	NULL	NULL
iostat.sda.write_byte_per_second	1511141056	50371368	4056133.791	NULL	NULL	3502541.737	NULL	2145758.817	NULL	2633624.992	NULL	NULL
iostat.sda.write_byte_per_second	1511141086	50371369	4322577.904	NULL	NULL	3732600.335	NULL	3804757.008	NULL	3589189.792	NULL	NULL
iostat.sda.write_byte_per_second	1511141116	50371370	2226575.295	NULL	NULL	2562103.771	NULL	2389706.275	NULL	3067062.966	NULL	NULL
iostat.sda.write_byte_per_second	1511141146	50371371	3419756.787	NULL	NULL	3300592.681	NULL	2011948.121	NULL	2187164.212	NULL	NULL
iostat.sda.write_byte_per_second	1511141176	50371372	2837795.317	NULL	NULL	3557650.000	NULL	3374152.772	NULL	3396124.924	NULL	NULL
iostat.sda.write_byte_per_second	1511141206	50371373	4114579.295	NULL	NULL	2451864.450	NULL	1992060.975	NULL	2966739.024	NULL	NULL
iostat.sda.write_byte_per_second	1511141236	50371374	3746463.558	NULL	NULL	3651579.618	NULL	3540332.927	NULL	3805678.068	NULL	NULL
iostat.sda.write_byte_per_second	1511141266	50371375	2727578.987	NULL	NULL	1414391.328	NULL	2013392.214	NULL	1922144.208	NULL	NULL
iostat.sda.write_byte_per_second	1511141296	50371376	3112638.572	NULL	NULL	3160818.001	NULL	2132429.339	NULL	3100714.578	NULL	NULL
iostat.sda.write_byte_per_second	1511141326	50371377	2333361.014	NULL	NULL	4830767.143	NULL	2594140.776	NULL	3232536.097	NULL	NULL
iostat.sda.write_byte_per_second	1511141356	50371378	3651061.186	NULL	NULL	3036987.809	NULL	2714147.665	NULL	4533860.310	NULL	NULL
iostat.sda.write_byte_per_second	1511141386	50371379	3743407.519	NULL	NULL	1015669.909	NULL	3693824.150	NULL	2487055.696	NULL	NULL
iostat.sda.write_byte_per_second	1511141416	50371380	5312944.883	NULL	NULL	4757518.031	NULL	2151919.371	NULL	3512702.086	NULL	NULL
iostat.sda.write_byte_per_second	1511141446	50371381	3833760.145	NULL	NULL	5018368.512	NULL	3588505.857	NULL	3477366.195	NULL	NULL
iostat.sda.write_byte_per_second	1511141476	50371382	2940595.594	NULL	NULL	2761377.790	NULL	3014270.799	NULL	4519680.287	NULL	NULL
iostat.sda.write_byte_per_second	1511141506	50371383	3308520.083	NULL	NULL	3234426.783	NULL	4323898.008	NULL	3635705.586	NULL	NULL
iostat.sda.write_byte_per_second	1511141536	50371384	4149619.253	NULL	NULL	2416888.063	NULL	4133544.597	NULL	3411345.309	NULL	NULL
iostat.sda.write_byte_per_second	1511141566	50371385	1803095.123	NULL	NULL	1226616.900	NULL	4772797.820	NULL	3209022.224	NULL	NULL
iostat.sda.write_byte_per_second	1511141596	50371386	4146330.026	NULL	NULL	4365139.360	NULL	2464426.902	NULL	1939829.641	NULL	NULL
iostat.sda.write_byte_per_second	1511141626	50371387	4802867.460	NULL	NULL	2217401.062	NULL	3722428.240	NULL	2625261.813	NULL	NULL
iostat.sda.write_byte_per_second	1511141656	50371388	4589684.853	NULL	NULL	1588837.983	NULL	5347697.098	NULL	3556720.794	NULL	NULL
iostat.sda.write_byte_per_second	1511141686	50371389	6315174.131	NULL	NULL	4885979.886	NULL	3436179.759	NULL	2239701.444	NULL	NULL
iostat.sda.write_byte_per_second	1511141716	50371390	3978826.723	NULL	NULL	2506062.030	NULL	4450592.766	NULL	2663686.584	NULL	NULL
iostat.sda.write_byte_per_second	1511141746	50371391	5437549.414	NULL	NULL	2513274.898	NULL	2739135.020	NULL	3395593.742	NULL	NULL
iostat.sda.write_byte_per_second	1511141776	50371392	4586290.107	NULL	NULL	4901985.091	NULL	4097366.278	NULL	6942200.222	NULL	NULL
iostat.sda.write_byte_per_second	1511141806	50371393	4501881.364	NULL	NULL	5727840.135	NULL	2507843.768	NULL	4812601.209	NULL	NULL
iostat.sda.write_byte_per_second	1511141836	50371394	2760844.483	NULL	NULL	3006898.189	NULL	3602841.519	NULL	3476546.711	NULL	NULL
iostat.sda.write_byte_per_second	1511141866	50371395	5501372.795	NULL	NULL	3339450.270	NULL	1699882.062	NULL	2173674.794	NULL	NULL
iostat.sda.write_byte_per_second	1511141896	50371396	3232972.260	NULL	NULL	2085487.668	NULL	4300022.689	NULL	2813508.007	NULL	NULL
iostat.sda.write_byte_per_second	1511141926	50371397	4254651.023	NULL	NULL	2621296.221	NULL	2833989.696	NULL	2889775.158	NULL	NULL
iostat.sda.write_byte_per_second	1511141956	50371398	4176033.422	NULL	NULL	3200676.999	NULL	3515620.010	NULL	1971946.471	NULL	NULL
iostat.sda.write_byte_per_second	1511141986	50371399	2602395.611	NULL	NULL	2248690.374	NULL	3838617.522	NULL	2918009.823	NULL	NULL
iostat.sda.write_byte_per_second	1511142016	50371400	5993811.523	NULL	NULL	1401115.774	NULL	3174920.296	NULL	3113625.998	NULL	NULL
iostat.sda.write_byte_per_second	1511142046	50371401	2362005.358	NULL	NULL	4438126.221	NULL	3382189.769	NULL	4306605.697	NULL	NULL
iostat.sda.write_byte_per_second	1511142076	50371402	1988991.819	NULL	NULL	4927670.141	NULL	1956467.749	NULL	5325033.399	NULL	NULL
iostat.sda.write_byte_per_second	1511142106	50371403	988091.969	NULL	NULL	2322713.160	NULL	4072702.017	NULL	4869145.974	NULL	NULL
iostat.sda.write_byte_per_second	1511142136	50371404	3636395.133	NULL	NULL	3565681.038	NULL	3936470.798	NULL	4525153.991	NULL	NULL
iostat.sda.write_byte_per_second	1511142166	50371405	2387004.683	NULL	NULL	2070102.458	NULL	2429607.017	NULL	2539724.212	NULL	NULL
iostat.sda.write_byte_per_second	1511142196	50371406	4649971.253	NULL	NULL	4257228.606	NULL	2210615.030	NULL	3767605.668	NULL	NULL
iostat.sda.write_byte_per_second	1511142226	50371407	3065061.846	NULL	NULL	3040082.581	NULL	2382386.791	NULL	3567862.855	NULL	NULL
iostat.sda.write_byte_per_second	1511142256	50371408	3724629.257	NULL	NULL	3406983.261	NULL	2087671.501	NULL	3806521.565	NULL	NULL
iostat.sda.write_byte_per_second	1511142286	50371409	3604415.127	NULL	NULL	4238607.865	NULL	4177717.819	NULL	1751816.225	NULL	NULL
iostat.sda.write_byte_per_second	1511142316	50371410	2859301.811	NULL	NULL	3241580.016	NULL	1940834.598	NULL	2901408.775	NULL	NULL
iostat.sda.write_byte_per_second	1511142346	50371411	3231091.312	NULL	NULL	2407535.733	NULL	3249007.820	NULL	3114012.317	NULL	NULL
iostat.sda.write_byte_per_second	1511142376	50371412	2997120.829	NULL	NULL	3830653.543	NULL	2163772.253	NULL	4495456.169	NULL	NULL
iostat.sda.write_byte_per_second	1511142406	50371413	5412428.519	NULL	NULL	4419650.795	NULL	5284386.847	NULL	2166099.681	NULL	NULL
iostat.sda.write_byte_per_second	1511142436	50371414	4583705.701	NULL	NULL	3548756.773	NULL	2476029.776	NULL	2888012.980	NULL	NULL
iostat.sda.write_byte_per_second	1511142466	50371415	4863374.150	NULL	NULL	1196041.628	NULL	3745521.166	NULL	3155422.920	NULL	NULL
iostat.sda.write_byte_per_second	1511142496	50371416	2225641.981	NULL	NULL	9223816.707	NULL	2940579.076	NULL	3978255.193	NULL	NULL
iostat.sda.write_byte_per_second	1511142526	50371417	4884146.549	NULL	NULL	2585023.200	NULL	5002008.383	NULL	3855520.461	NULL	NULL
iostat.sda.write_byte_per_second	1511142556	50371418	3982315.419	NULL	NULL	2162602.426	NULL	3963418.484	NULL	2907535.342	NULL	NULL
iostat.sda.write_byte_per_second	1511142586	50371419	3989441.478	NULL	NULL	2054940.492	NULL	4926241.638	NULL	4995494.392	NULL	NULL
iostat.sda.write_byte_per_second	1511142616	50371420	5739173.878	NULL	NULL	2027497.110	NULL	4084807.643	NULL	1959184.627	NULL	NULL
iostat.sda.write_byte_per_second	1511142646	50371421	4944164.425	NULL	NULL	2586213.922	NULL	5349205.031	NULL	2486473.921	NULL	NULL
iostat.sda.write_byte_per_second	1511142676	50371422	4658162.923	NULL	NULL	3232606.760	NULL	2687463.569	NULL	3232431.731	NULL	NULL
iostat.sda.write_byte_per_second	1511142706	50371423	3732971.802	NULL	NULL	2216003.887	NULL	4830003.853	NULL	3398586.032	NULL	NULL
iostat.sda.write_byte_per_second	1511142736	50371424	3567755.369	NULL	NULL	3047734.872	NULL	5380641.962	NULL	3774888.883	NULL	NULL
iostat.sda.write_byte_per_second	1511142766	50371425	2754195.149	NULL	NULL	3168538.737	NULL	4901956.890	NULL	3132873.967	NULL	NULL
iostat.sda.write_byte_per_second	1511142796	50371426	4433089.188	NULL	NULL	2418181.553	NULL	5858014.709	NULL	2889234.234	NULL	NULL
iostat.sda.write_byte_per_second	1511142826	50371427	2484717.185	NULL	NULL	3965215.342	NULL	1262351.444	NULL	9353609.917	NULL	NULL
iostat.sda.write_byte_per_second	1511142856	50371428	3318236.672	NULL	NULL	1752668.164	NULL	3820695.263	NULL	3101556.238	NULL	NULL
iostat.sda.write_byte_per_second	1511142886	50371429	9295155.015	NULL	NULL	10241965.237	NULL	1128649.772	NULL	2036517.896	NULL	NULL
iostat.sda.write_byte_per_second	1511142916	50371430	5635167.189	NULL	NULL	4949220.627	NULL	2624716.717	NULL	3603768.533	NULL	NULL
iostat.sda.write_byte_per_second	1511142946	50371431	5373068.878	NULL	NULL	2374788.090	NULL	3859931.566	NULL	3728068.406	NULL	NULL
iostat.sda.write_byte_per_second	1511142976	50371432	1753498.422	NULL	NULL	2392195.538	NULL	8545762.417	NULL	2348424.136	NULL	NULL
iostat.sda.write_byte_per_second	1511143006	50371433	4581248.830	NULL	NULL	3736508.981	NULL	5225950.199	NULL	3829108.303	NULL	NULL
iostat.sda.write_byte_per_second	1511143036	50371434	4586505.169	NULL	NULL	3933933.777	NULL	3462593.724	NULL	3843463.331	NULL	NULL
iostat.sda.write_byte_per_second	1511143066	50371435	2882341.657	NULL	NULL	3433936.931	NULL	2945518.027	NULL	3385843.668	NULL	NULL
iostat.sda.write_byte_per_second	1511143096	50371436	5291746.800	NULL	NULL	2440373.372	NULL	3706334.485	NULL	7989997.607	NULL	NULL
iostat.sda.write_byte_per_second	1511143126	50371437	3507113.790	NULL	NULL	3101194.251	NULL	1616957.957	NULL	6637775.595	NULL	NULL
iostat.sda.write_byte_per_second	1511143156	50371438	2568203.167	NULL	NULL	8760825.996	NULL	2377988.951	NULL	1501744.924	NULL	NULL
iostat.sda.write_byte_per_second	1511143186	50371439	3633664.190	NULL	NULL	4213839.653	NULL	1588733.505	NULL	2941486.529	NULL	NULL
iostat.sda.write_byte_per_second	1511143216	50371440	9602528.156	NULL	NULL	2552353.545	NULL	3612507.263	NULL	3491475.130	NULL	NULL
iostat.sda.write_byte_per_second	1511143246	50371441	3911476.864	NULL	NULL	4949883.769	NULL	3785231.603	NULL	3397809.642	NULL	NULL
iostat.sda.write_byte_per_second	1511143276	50371442	3713095.844	NULL	NULL	3268452.304	NULL	3742369.993	NULL	4135098.481	NULL	NULL
iostat.sda.write_byte_per_second	1511143306	50371443	5082823.749	NULL	NULL	3074062.972	NULL	2815728.052	NULL	3242784.806	NULL	NULL
iostat.sda.write_byte_per_second	1511143336	50371444	4758325.473	NULL	NULL	4435623.677	NULL	5027321.426	NULL	4131753.311	NULL	NULL
iostat.sda.write_byte_per_second	1511143366	50371445	2706791.895	NULL	NULL	2963748.240	NULL	2543122.911	NULL	3264190.298	NULL	NULL
iostat.sda.write_byte_per_second	1511143396	50371446	2972806.393	NULL	NULL	2725022.532	NULL	3209053.496	NULL	2756538.499	NULL	NULL
iostat.sda.write_byte_per_second	1511143426	50371447	3363431.464	NULL	NULL	3505083.845	NULL	3768709.114	NULL	4374471.618	NULL	NULL
iostat.sda.write_byte_per_second	1511143456	50371448	4342232.783	NULL	NULL	4509806.421	NULL	2054122.784	NULL	3405139.737	NULL	NULL
iostat.sda.write_byte_per_second	1511143486	50371449	4332344.608	NULL	NULL	1796979.779	NULL	3872621.326	NULL	2587232.039	NULL	NULL
iostat.sda.write_byte_per_second	1511143516	50371450	3188371.609	NULL	NULL	2933984.747	NULL	2164167.829	NULL	2282261.617	NULL	NULL
iostat.sda.write_byte_per_second	1511143546	50371451	3614282.099	NULL	NULL	3847167.572	NULL	1465441.775	NULL	2498609.852	NULL	NULL
iostat.sda.write_byte_per_second	1511143576	50371452	1772664.913	NULL	NULL	931490.149	NULL	2295229.543	NULL	3553703.928	NULL	NULL
iostat.sda.write_byte_per_second	1511143606	50371453	2136512.320	NULL	NULL	4239319.082	NULL	2083449.730	NULL	2954545.597	NULL	NULL
iostat.sda.write_byte_per_second	1511143636	50371454	2246477.109	NULL	NULL	2938919.808	NULL	2508949.684	NULL	2372432.973	NULL	NULL
iostat.sda.write_byte_per_second	1511143666	50371455	3948894.757	NULL	NULL	2398566.728	NULL	4786786.991	NULL	3736552.102	NULL	NULL
iostat.sda.write_byte_per_second	1511143696	50371456	3249234.812	NULL	NULL	4389562.972	NULL	2811109.544	NULL	2335520.627	NULL	NULL
iostat.sda.write_byte_per_second	1511143726	50371457	3130956.012	NULL	NULL	3394137.944	NULL	2577632.897	NULL	5228328.654	NULL	NULL
iostat.sda.write_byte_per_second	1511143756	50371458	2517246.147	NULL	NULL	1317062.530	NULL	1216719.155	NULL	3598928.703	NULL	NULL
iostat.sda.write_byte_per_second	1511143786	50371459	3159196.952	NULL	NULL	4568818.973	NULL	3133167.033	NULL	3065235.592	NULL	NULL
iostat.sda.write_byte_per_second	1511143816	50371460	3494799.084	NULL	NULL	3030989.847	NULL	1119352.189	NULL	4871305.062	NULL	NULL
iostat.sda.write_byte_per_second	1511143846	50371461	3188453.245	NULL	NULL	2438392.025	NULL	4005852.031	NULL	3977397.782	NULL	NULL
iostat.sda.write_byte_per_second	1511143876	50371462	2458118.818	NULL	NULL	3784221.684	NULL	3975579.464	NULL	2441001.199	NULL	NULL
iostat.sda.write_byte_per_second	1511143906	50371463	4219167.158	NULL	NULL	3264011.588	NULL	4872558.623	NULL	2500899.386	NULL	NULL
iostat.sda.write_byte_per_second	1511143936	50371464	2640401.904	NULL	NULL	2216680.769	NULL	3544549.818	NULL	3499719.494	NULL	NULL
iostat.sda.write_byte_per_second	1511143966	50371465	3270856.636	NULL	NULL	2858937.510	NULL	1500032.723	NULL	2108678.097	NULL	NULL
iostat.sda.write_byte_per_second	1511143996	50371466	3483638.121	NULL	NULL	3723265.812	NULL	2662399.894	NULL	3000807.707	NULL	NULL
iostat.sda.write_byte_per_second	1511144026	50371467	3408548.084	NULL	NULL	2249598.721	NULL	3435788.032	NULL	3303881.834	NULL	NULL
iostat.sda.write_byte_per_second	1511144056	50371468	3596898.096	NULL	NULL	5015978.622	NULL	1983666.420	NULL	4040724.953	NULL	NULL
iostat.sda.write_byte_per_second	1511144086	50371469	3640875.540	NULL	NULL	2892656.818	NULL	3125521.067	NULL	2987149.263	NULL	NULL
iostat.sda.write_byte_per_second	1511144116	50371470	9222448.034	NULL	NULL	2562209.325	NULL	3013136.150	NULL	9279513.106	NULL	NULL
iostat.sda.write_byte_per_second	1511144146	50371471	2481692.781	NULL	NULL	6624598.650	NULL	1331476.871	NULL	1469199.317	NULL	NULL
iostat.sda.write_byte_per_second	1511144176	50371472	3104860.795	NULL	NULL	4871782.052	NULL	2506401.464	NULL	3192422.603	NULL	NULL
iostat.sda.write_byte_per_second	1511144206	50371473	3551437.739	NULL	NULL	3136169.944	NULL	3164838.619	NULL	2462751.902	NULL	NULL
iostat.sda.write_byte_per_second	1511144236	50371474	3411158.999	NULL	NULL	3420705.780	NULL	2327073.671	NULL	4926450.044	NULL	NULL
iostat.sda.write_byte_per_second	1511144266	50371475	2110173.569	NULL	NULL	3538748.773	NULL	7258112.923	NULL	2382256.843	NULL	NULL
iostat.sda.write_byte_per_second	1511144296	50371476	2573981.037	NULL	NULL	1304461.075	NULL	5657530.609	NULL	2726013.600	NULL	NULL
iostat.sda.write_byte_per_second	1511144326	50371477	4207056.761	NULL	NULL	4657843.796	NULL	3669796.913	NULL	3670433.397	NULL	NULL
iostat.sda.write_byte_per_second	1511144356	50371478	2799665.879	NULL	NULL	1967155.351	NULL	2958277.966	NULL	2367743.183	NULL	NULL
iostat.sda.write_byte_per_second	1511144386	50371479	4065681.113	NULL	NULL	4917728.019	NULL	1333609.504	NULL	4255471.339	NULL	NULL
iostat.sda.write_byte_per_second	1511144416	50371480	9862327.435	NULL	NULL	1306898.864	NULL	3652813.642	NULL	2826103.085	NULL	NULL
iostat.sda.write_byte_per_second	1511144446	50371481	2420015.833	NULL	NULL	4612617.832	NULL	1364787.482	NULL	6392350.824	NULL	NULL
iostat.sda.write_byte_per_second	1511144476	50371482	3873249.820	NULL	NULL	2965817.148	NULL	5980879.237	NULL	5078845.340	NULL	NULL
iostat.sda.write_byte_per_second	1511144506	50371483	4764649.939	NULL	NULL	1976064.962	NULL	3518598.171	NULL	2636851.077	NULL	NULL
iostat.sda.write_byte_per_second	1511144536	50371484	5174435.630	NULL	NULL	4536991.165	NULL	3022976.336	NULL	4022836.644	NULL	NULL
iostat.sda.write_byte_per_second	1511144566	50371485	2451006.243	NULL	NULL	3994840.405	NULL	4356220.459	NULL	2067114.470	NULL	NULL
iostat.sda.write_byte_per_second	1511144596	50371486	4224708.791	NULL	NULL	2169333.223	NULL	2448791.826	NULL	4194289.835	NULL	NULL
iostat.sda.write_byte_per_second	1511144626	50371487	3277622.492	NULL	NULL	3347053.584	NULL	2559043.677	NULL	1818445.433	NULL	NULL
iostat.sda.write_byte_per_second	1511144656	50371488	3349258.303	NULL	NULL	1877874.947	NULL	2713450.099	NULL	2944759.661	NULL	NULL
iostat.sda.write_byte_per_second	1511144686	50371489	3803372.073	NULL	NULL	3785923.202	NULL	3148450.939	NULL	2097830.749	NULL	NULL
iostat.sda.write_byte_per_second	1511144716	50371490	2464561.790	NULL	NULL	2125690.508	NULL	1650557.855	NULL	3938038.413	NULL	NULL
iostat.sda.write_byte_per_second	1511144746	50371491	4211093.115	NULL	NULL	3547009.178	NULL	3249003.482	NULL	2201968.143	NULL	NULL
iostat.sda.write_byte_per_second	1511144776	50371492	3756938.268	NULL	NULL	2944010.570	NULL	3306071.159	NULL	2160816.494	NULL	NULL
iostat.sda.write_byte_per_second	1511144806	50371493	3607617.138	NULL	NULL	3365905.141	NULL	2748805.192	NULL	3694045.632	NULL	NULL
iostat.sda.write_byte_per_second	1511144836	50371494	3254361.616	NULL	NULL	2230954.578	NULL	2450085.039	NULL	3909230.592	NULL	NULL
iostat.sda.write_byte_per_second	1511144866	50371495	3616356.122	NULL	NULL	4570732.599	NULL	2941267.685	NULL	1998230.936	NULL	NULL
iostat.sda.write_byte_per_second	1511144896	50371496	3629859.606	NULL	NULL	2513423.941	NULL	1771251.430	NULL	3755896.482	NULL	NULL
iostat.sda.write_byte_per_second	1511144926	50371497	4156990.582	NULL	NULL	2331579.882	NULL	2039945.805	NULL	6223768.547	NULL	NULL
iostat.sda.write_byte_per_second	1511144956	50371498	4069837.031	NULL	NULL	5667838.161	NULL	1272179.360	NULL	3117780.114	NULL	NULL
iostat.sda.write_byte_per_second	1511144986	50371499	4851494.932	NULL	NULL	3928602.210	NULL	3378167.024	NULL	6603699.868	NULL	NULL
iostat.sda.write_byte_per_second	1511145016	50371500	1315907.252	NULL	NULL	3068939.466	NULL	1264342.537	NULL	4112885.337	NULL	NULL
iostat.sda.write_byte_per_second	1511145046	50371501	5253970.008	NULL	NULL	3304457.703	NULL	3853951.557	NULL	4017380.183	NULL	NULL
iostat.sda.write_byte_per_second	1511145076	50371502	6052344.057	NULL	NULL	1157791.096	NULL	7585324.067	NULL	3820320.195	NULL	NULL
iostat.sda.write_byte_per_second	1511145106	50371503	5178933.595	NULL	NULL	2279237.337	NULL	1427551.832	NULL	4477473.849	NULL	NULL
iostat.sda.write_byte_per_second	1511145136	50371504	5726985.967	NULL	NULL	2371637.187	NULL	3244815.623	NULL	2315815.641	NULL	NULL
iostat.sda.write_byte_per_second	1511145166	50371505	3920367.946	NULL	NULL	3190941.961	NULL	1298718.315	NULL	4890665.238	NULL	NULL
iostat.sda.write_byte_per_second	1511145196	50371506	5969509.593	NULL	NULL	2525821.247	NULL	2614135.369	NULL	4400280.160	NULL	NULL
iostat.sda.write_byte_per_second	1511145226	50371507	5170248.733	NULL	NULL	2718650.264	NULL	3453948.951	NULL	4744123.281	NULL	NULL
iostat.sda.write_byte_per_second	1511145256	50371508	4267688.041	NULL	NULL	3257264.136	NULL	1261742.037	NULL	5691392.362	NULL	NULL
iostat.sda.write_byte_per_second	1511145286	50371509	6005598.278	NULL	NULL	2189452.396	NULL	2948621.444	NULL	4007663.475	NULL	NULL
iostat.sda.write_byte_per_second	1511145316	50371510	3826092.604	NULL	NULL	2773408.433	NULL	3700140.555	NULL	5520040.254	NULL	NULL
iostat.sda.write_byte_per_second	1511145346	50371511	1723748.813	NULL	NULL	3001557.291	NULL	803754.122	NULL	2953635.208	NULL	NULL
iostat.sda.write_byte_per_second	1511145376	50371512	1959927.755	NULL	NULL	8787571.599	NULL	785765.463	NULL	3892349.874	NULL	NULL
iostat.sda.write_byte_per_second	1511145406	50371513	3127025.319	NULL	NULL	2653465.813	NULL	2782464.847	NULL	8161688.238	NULL	NULL
iostat.sda.write_byte_per_second	1511145436	50371514	3960995.054	NULL	NULL	5046134.785	NULL	3555736.639	NULL	2387555.337	NULL	NULL
iostat.sda.write_byte_per_second	1511145466	50371515	6724814.190	NULL	NULL	561891.062	NULL	7754003.408	NULL	2202821.342	NULL	NULL
iostat.sda.write_byte_per_second	1511145496	50371516	6130380.351	NULL	NULL	2345817.385	NULL	4588292.499	NULL	3200068.699	NULL	NULL
iostat.sda.write_byte_per_second	1511145526	50371517	5628861.262	NULL	NULL	2805213.666	NULL	1528141.741	NULL	2520405.333	NULL	NULL
iostat.sda.write_byte_per_second	1511145556	50371518	3813239.397	NULL	NULL	4414411.021	NULL	3834973.295	NULL	3126203.634	NULL	NULL
iostat.sda.write_byte_per_second	1511145586	50371519	3462937.714	NULL	NULL	3151822.034	NULL	2776810.231	NULL	4466676.693	NULL	NULL
iostat.sda.write_byte_per_second	1511145616	50371520	3693123.521	NULL	NULL	3442302.710	NULL	1579021.791	NULL	2731337.070	NULL	NULL
iostat.sda.write_byte_per_second	1511145646	50371521	3341996.672	NULL	NULL	3271858.012	NULL	6711997.823	NULL	3767545.846	NULL	NULL
iostat.sda.write_byte_per_second	1511145676	50371522	2377454.782	NULL	NULL	3776414.873	NULL	1727016.890	NULL	2208452.063	NULL	NULL
iostat.sda.write_byte_per_second	1511145706	50371523	4589248.103	NULL	NULL	3839249.164	NULL	3829094.821	NULL	4109331.639	NULL	NULL
iostat.sda.write_byte_per_second	1511145736	50371524	4352135.269	NULL	NULL	1542051.660	NULL	2795678.618	NULL	2771634.783	NULL	NULL
iostat.sda.write_byte_per_second	1511145766	50371525	4563436.485	NULL	NULL	4581293.243	NULL	4477493.954	NULL	3870611.400	NULL	NULL
iostat.sda.write_byte_per_second	1511145796	50371526	2714563.806	NULL	NULL	2189709.121	NULL	2464126.889	NULL	3714593.799	NULL	NULL
iostat.sda.write_byte_per_second	1511145826	50371527	2995019.023	NULL	NULL	2789311.964	NULL	2198187.994	NULL	3747258.565	NULL	NULL
iostat.sda.write_byte_per_second	1511145856	50371528	3566379.524	NULL	NULL	3578808.485	NULL	3101586.037	NULL	2434742.488	NULL	NULL
iostat.sda.write_byte_per_second	1511145886	50371529	3569247.183	NULL	NULL	2023710.019	NULL	2557406.812	NULL	3884455.362	NULL	NULL
iostat.sda.write_byte_per_second	1511145916	50371530	4148284.833	NULL	NULL	3759496.389	NULL	4234081.231	NULL	3070693.829	NULL	NULL
iostat.sda.write_byte_per_second	1511145946	50371531	3610439.726	NULL	NULL	2879151.851	NULL	2264822.731	NULL	3571879.188	NULL	NULL
iostat.sda.write_byte_per_second	1511145976	50371532	2403431.735	NULL	NULL	3238199.160	NULL	3348612.769	NULL	2310690.280	NULL	NULL
iostat.sda.write_byte_per_second	1511146006	50371533	4421787.835	NULL	NULL	2350826.509	NULL	763170.403	NULL	4124719.108	NULL	NULL
iostat.sda.write_byte_per_second	1511146036	50371534	4513264.363	NULL	NULL	5091628.057	NULL	3383141.457	NULL	2887601.601	NULL	NULL
iostat.sda.write_byte_per_second	1511146066	50371535	2553888.491	NULL	NULL	4161541.953	NULL	1348176.237	NULL	2806422.490	NULL	NULL
iostat.sda.write_byte_per_second	1511146096	50371536	2942159.840	NULL	NULL	4155255.731	NULL	2458668.595	NULL	4591259.845	NULL	NULL
iostat.sda.write_byte_per_second	1511146126	50371537	3879243.694	NULL	NULL	3770154.325	NULL	1252500.445	NULL	2080199.751	NULL	NULL
iostat.sda.write_byte_per_second	1511146156	50371538	5897964.130	NULL	NULL	3833754.507	NULL	4138039.826	NULL	4069649.746	NULL	NULL
iostat.sda.write_byte_per_second	1511146186	50371539	4144226.350	NULL	NULL	3673450.373	NULL	7940246.903	NULL	2946252.706	NULL	NULL
iostat.sda.write_byte_per_second	1511146216	50371540	3709197.474	NULL	NULL	5257617.201	NULL	1251551.384	NULL	3686928.553	NULL	NULL
iostat.sda.write_byte_per_second	1511146246	50371541	3459560.177	NULL	NULL	3061081.518	NULL	2479856.017	NULL	4003986.398	NULL	NULL
iostat.sda.write_byte_per_second	1511146276	50371542	3094452.573	NULL	NULL	5215209.793	NULL	3501410.174	NULL	2406951.355	NULL	NULL
iostat.sda.write_byte_per_second	1511146306	50371543	2978920.319	NULL	NULL	3896501.905	NULL	1165326.854	NULL	5082491.569	NULL	NULL
iostat.sda.write_byte_per_second	1511146336	50371544	3484763.337	NULL	NULL	2922425.619	NULL	2468412.571	NULL	4219188.285	NULL	NULL
iostat.sda.write_byte_per_second	1511146366	50371545	2176823.296	NULL	NULL	4504777.936	NULL	3564711.498	NULL	5090919.088	NULL	NULL
iostat.sda.write_byte_per_second	1511146396	50371546	4009930.037	NULL	NULL	4108649.425	NULL	1583924.305	NULL	3283023.081	NULL	NULL
iostat.sda.write_byte_per_second	1511146426	50371547	3438491.758	NULL	NULL	3362164.296	NULL	2494787.033	NULL	4544202.213	NULL	NULL
iostat.sda.write_byte_per_second	1511146456	50371548	2110698.122	NULL	NULL	5670454.051	NULL	1303216.266	NULL	4297841.536	NULL	NULL
iostat.sda.write_byte_per_second	1511146486	50371549	3709174.365	NULL	NULL	3905638.380	NULL	3399414.467	NULL	4243037.711	NULL	NULL
iostat.sda.write_byte_per_second	1511146516	50371550	3798291.033	NULL	NULL	2609945.137	NULL	2422893.608	NULL	4396942.761	NULL	NULL
iostat.sda.write_byte_per_second	1511146546	50371551	7446789.409	NULL	NULL	4102687.525	NULL	1192102.528	NULL	3493063.914	NULL	NULL
iostat.sda.write_byte_per_second	1511146576	50371552	5393785.437	NULL	NULL	5830796.611	NULL	3299935.557	NULL	4872195.562	NULL	NULL
iostat.sda.write_byte_per_second	1511146606	50371553	2574160.250	NULL	NULL	4975957.175	NULL	7165268.365	NULL	5014372.112	NULL	NULL
iostat.sda.write_byte_per_second	1511146636	50371554	3302771.614	NULL	NULL	4510140.858	NULL	5151671.168	NULL	1987449.829	NULL	NULL
iostat.sda.write_byte_per_second	1511146666	50371555	3160295.300	NULL	NULL	2366506.775	NULL	1200284.177	NULL	6033214.898	NULL	NULL
iostat.sda.write_byte_per_second	1511146696	50371556	2978265.579	NULL	NULL	2855560.389	NULL	3447330.133	NULL	7861040.826	NULL	NULL
iostat.sda.write_byte_per_second	1511146726	50371557	4745039.595	NULL	NULL	4454604.011	NULL	2962362.438	NULL	3802355.490	NULL	NULL
iostat.sda.write_byte_per_second	1511146756	50371558	4633975.711	NULL	NULL	3010442.164	NULL	3984767.079	NULL	3623799.144	NULL	NULL
iostat.sda.write_byte_per_second	1511146786	50371559	4362857.519	NULL	NULL	3360910.187	NULL	1705713.454	NULL	3456169.764	NULL	NULL
iostat.sda.write_byte_per_second	1511146816	50371560	2605306.095	NULL	NULL	2287484.575	NULL	2534074.033	NULL	3371073.062	NULL	NULL
iostat.sda.write_byte_per_second	1511146846	50371561	3412606.839	NULL	NULL	4677628.729	NULL	3017213.335	NULL	4182320.955	NULL	NULL
iostat.sda.write_byte_per_second	1511146876	50371562	3869636.117	NULL	NULL	2963594.912	NULL	4182230.176	NULL	1530007.038	NULL	NULL
iostat.sda.write_byte_per_second	1511146906	50371563	3960491.106	NULL	NULL	3963972.267	NULL	3056520.479	NULL	4268307.780	NULL	NULL
iostat.sda.write_byte_per_second	1511146936	50371564	4723339.690	NULL	NULL	3381871.431	NULL	3326472.157	NULL	4781904.698	NULL	NULL
iostat.sda.write_byte_per_second	1511146966	50371565	2766807.091	NULL	NULL	2293656.612	NULL	2335663.322	NULL	2568903.048	NULL	NULL
iostat.sda.write_byte_per_second	1511146996	50371566	4198820.913	NULL	NULL	3117494.646	NULL	4251718.452	NULL	2617172.565	NULL	NULL
iostat.sda.write_byte_per_second	1511147026	50371567	2973117.945	NULL	NULL	3058703.451	NULL	2382231.523	NULL	1143700.386	NULL	NULL
iostat.sda.write_byte_per_second	1511147056	50371568	1748822.991	NULL	NULL	3758528.634	NULL	3318869.567	NULL	4187354.211	NULL	NULL
iostat.sda.write_byte_per_second	1511147086	50371569	3779072.370	NULL	NULL	1985980.377	NULL	2395521.412	NULL	3640385.496	NULL	NULL
iostat.sda.write_byte_per_second	1511147116	50371570	4172242.881	NULL	NULL	3843870.166	NULL	1821900.201	NULL	1758662.478	NULL	NULL
iostat.sda.write_byte_per_second	1511147146	50371571	1510882.904	NULL	NULL	2266809.733	NULL	3147774.749	NULL	2548118.941	NULL	NULL
iostat.sda.write_byte_per_second	1511147176	50371572	3495932.610	NULL	NULL	2999674.941	NULL	1963486.522	NULL	2276085.065	NULL	NULL
iostat.sda.write_byte_per_second	1511147206	50371573	2015520.085	NULL	NULL	2974570.541	NULL	1584606.018	NULL	3171346.106	NULL	NULL
iostat.sda.write_byte_per_second	1511147236	50371574	3266979.910	NULL	NULL	2508781.662	NULL	1642496.253	NULL	4269668.398	NULL	NULL
iostat.sda.write_byte_per_second	1511147266	50371575	4601084.075	NULL	NULL	3061613.345	NULL	3939478.052	NULL	3313255.743	NULL	NULL
iostat.sda.write_byte_per_second	1511147296	50371576	1987765.062	NULL	NULL	2024091.647	NULL	3647315.213	NULL	2804307.116	NULL	NULL
iostat.sda.write_byte_per_second	1511147326	50371577	2605611.687	NULL	NULL	1306156.976	NULL	1279414.319	NULL	4318880.437	NULL	NULL
iostat.sda.write_byte_per_second	1511147356	50371578	2954221.795	NULL	NULL	2626717.332	NULL	2568519.099	NULL	4079869.124	NULL	NULL
iostat.sda.write_byte_per_second	1511147386	50371579	2021662.829	NULL	NULL	2368229.786	NULL	1275661.256	NULL	2417562.662	NULL	NULL
iostat.sda.write_byte_per_second	1511147416	50371580	3530883.819	NULL	NULL	2082269.436	NULL	2999229.779	NULL	3711789.791	NULL	NULL
iostat.sda.write_byte_per_second	1511147446	50371581	4435261.761	NULL	NULL	3960274.662	NULL	681921.492	NULL	4025722.847	NULL	NULL
iostat.sda.write_byte_per_second	1511147476	50371582	4675420.027	NULL	NULL	2259373.508	NULL	3676984.585	NULL	3724945.508	NULL	NULL
iostat.sda.write_byte_per_second	1511147506	50371583	1423183.378	NULL	NULL	4381226.941	NULL	3991676.132	NULL	1469201.472	NULL	NULL
iostat.sda.write_byte_per_second	1511147536	50371584	1542889.090	NULL	NULL	2797632.588	NULL	4588537.982	NULL	4540042.328	NULL	NULL
iostat.sda.write_byte_per_second	1511147566	50371585	2622069.340	NULL	NULL	3292007.784	NULL	3301651.927	NULL	2985844.975	NULL	NULL
iostat.sda.write_byte_per_second	1511147596	50371586	3044929.209	NULL	NULL	2205211.749	NULL	1429266.349	NULL	3894780.449	NULL	NULL
iostat.sda.write_byte_per_second	1511147626	50371587	2311481.583	NULL	NULL	1301567.364	NULL	1235738.712	NULL	4684513.184	NULL	NULL
iostat.sda.write_byte_per_second	1511147656	50371588	2668420.083	NULL	NULL	3657181.518	NULL	2712644.719	NULL	3719576.122	NULL	NULL
iostat.sda.write_byte_per_second	1511147686	50371589	3088471.867	NULL	NULL	4115387.439	NULL	3572098.476	NULL	4478035.051	NULL	NULL
iostat.sda.write_byte_per_second	1511147716	50371590	3501265.834	NULL	NULL	2542384.836	NULL	1320472.099	NULL	5417713.272	NULL	NULL
iostat.sda.write_byte_per_second	1511147746	50371591	3175982.925	NULL	NULL	3084526.368	NULL	2686252.216	NULL	2323505.672	NULL	NULL
iostat.sda.write_byte_per_second	1511147776	50371592	9585872.950	NULL	NULL	3359838.733	NULL	1224858.668	NULL	3522041.941	NULL	NULL
iostat.sda.write_byte_per_second	1511147806	50371593	4078906.159	NULL	NULL	2154185.460	NULL	3942312.483	NULL	3675448.552	NULL	NULL
iostat.sda.write_byte_per_second	1511147836	50371594	2290152.943	NULL	NULL	2807321.860	NULL	2220956.222	NULL	3820787.272	NULL	NULL
iostat.sda.write_byte_per_second	1511147866	50371595	2294760.061	NULL	NULL	6733088.127	NULL	1238889.325	NULL	2216586.831	NULL	NULL
iostat.sda.write_byte_per_second	1511147896	50371596	3188924.250	NULL	NULL	4816271.318	NULL	3505013.344	NULL	5346373.711	NULL	NULL
iostat.sda.write_byte_per_second	1511147926	50371597	1973013.009	NULL	NULL	2789922.222	NULL	5083819.609	NULL	2175385.669	NULL	NULL
iostat.sda.write_byte_per_second	1511147956	50371598	2393518.831	NULL	NULL	3327651.734	NULL	6109757.137	NULL	4894155.752	NULL	NULL
iostat.sda.write_byte_per_second	1511147986	50371599	3481317.208	NULL	NULL	2327969.986	NULL	3082785.104	NULL	3750142.793	NULL	NULL
iostat.sda.write_byte_per_second	1511148016	50371600	2029871.123	NULL	NULL	3019771.790	NULL	3637386.123	NULL	4201813.901	NULL	NULL
iostat.sda.write_byte_per_second	1511148046	50371601	4097725.739	NULL	NULL	5399872.760	NULL	4552456.962	NULL	3367731.628	NULL	NULL
iostat.sda.write_byte_per_second	1511148076	50371602	2927889.558	NULL	NULL	3758651.867	NULL	3758022.841	NULL	2035165.268	NULL	NULL
iostat.sda.write_byte_per_second	1511148106	50371603	4663548.900	NULL	NULL	4925792.988	NULL	4348000.344	NULL	4497243.821	NULL	NULL
iostat.sda.write_byte_per_second	1511148136	50371604	4741339.967	NULL	NULL	2482133.120	NULL	2561387.481	NULL	3896995.733	NULL	NULL
iostat.sda.write_byte_per_second	1511148166	50371605	5057623.312	NULL	NULL	3930246.349	NULL	4104289.272	NULL	4421085.867	NULL	NULL
iostat.sda.write_byte_per_second	1511148196	50371606	3248662.991	NULL	NULL	2939848.232	NULL	2410901.519	NULL	3397083.707	NULL	NULL
iostat.sda.write_byte_per_second	1511148226	50371607	2410186.291	NULL	NULL	1867020.840	NULL	3102366.680	NULL	2365715.191	NULL	NULL
iostat.sda.write_byte_per_second	1511148256	50371608	3686901.300	NULL	NULL	4138100.174	NULL	3429127.597	NULL	3749437.933	NULL	NULL
iostat.sda.write_byte_per_second	1511148286	50371609	3698572.424	NULL	NULL	1667347.518	NULL	2357361.040	NULL	4462325.181	NULL	NULL
iostat.sda.write_byte_per_second	1511148316	50371610	4340722.287	NULL	NULL	3593967.048	NULL	4537365.261	NULL	2029597.050	NULL	NULL
iostat.sda.write_byte_per_second	1511148346	50371611	2721059.733	NULL	NULL	2698854.679	NULL	1148992.341	NULL	2496238.021	NULL	NULL
iostat.sda.write_byte_per_second	1511148376	50371612	4645791.916	NULL	NULL	4124855.967	NULL	1193987.403	NULL	4191471.979	NULL	NULL
iostat.sda.write_byte_per_second	1511148406	50371613	3181037.655	NULL	NULL	5514174.027	NULL	2550938.433	NULL	4239329.948	NULL	NULL
iostat.sda.write_byte_per_second	1511148436	50371614	3302364.543	NULL	NULL	1167757.384	NULL	3473259.468	NULL	3932740.884	NULL	NULL
iostat.sda.write_byte_per_second	1511148466	50371615	3580434.591	NULL	NULL	4126521.814	NULL	1355521.559	NULL	4580571.929	NULL	NULL
iostat.sda.write_byte_per_second	1511148496	50371616	2812397.307	NULL	NULL	4930268.417	NULL	2531718.793	NULL	6297331.414	NULL	NULL
iostat.sda.write_byte_per_second	1511148526	50371617	3483049.834	NULL	NULL	5618893.619	NULL	1356849.711	NULL	6049928.533	NULL	NULL
iostat.sda.write_byte_per_second	1511148556	50371618	1661745.761	NULL	NULL	4617959.966	NULL	2916625.159	NULL	2802814.126	NULL	NULL
iostat.sda.write_byte_per_second	1511148586	50371619	6517700.643	NULL	NULL	5547117.743	NULL	7527408.952	NULL	1837190.974	NULL	NULL
iostat.sda.write_byte_per_second	1511148616	50371620	7661579.954	NULL	NULL	4509597.975	NULL	5082967.405	NULL	2568612.666	NULL	NULL
iostat.sda.write_byte_per_second	1511148646	50371621	3667691.523	NULL	NULL	4984272.352	NULL	1405188.359	NULL	3233054.245	NULL	NULL
iostat.sda.write_byte_per_second	1511148676	50371622	2268567.663	NULL	NULL	3987893.264	NULL	3547216.958	NULL	2530970.335	NULL	NULL
iostat.sda.write_byte_per_second	1511148706	50371623	4417936.986	NULL	NULL	7327405.184	NULL	2738268.553	NULL	3014698.189	NULL	NULL
iostat.sda.write_byte_per_second	1511148736	50371624	3791473.256	NULL	NULL	3657173.704	NULL	1439149.796	NULL	3271378.355	NULL	NULL
iostat.sda.write_byte_per_second	1511148766	50371625	3371724.881	NULL	NULL	2068315.023	NULL	3725721.245	NULL	3816609.992	NULL	NULL
iostat.sda.write_byte_per_second	1511148796	50371626	3538938.094	NULL	NULL	3510235.741	NULL	2997453.396	NULL	2795966.796	NULL	NULL
iostat.sda.write_byte_per_second	1511148826	50371627	3580041.131	NULL	NULL	2960436.789	NULL	1351406.525	NULL	9299891.484	NULL	NULL
iostat.sda.write_byte_per_second	1511148856	50371628	3135084.897	NULL	NULL	3678566.586	NULL	3385438.684	NULL	3661925.559	NULL	NULL
iostat.sda.write_byte_per_second	1511148886	50371629	3184143.288	NULL	NULL	2316732.579	NULL	2928241.778	NULL	2016302.375	NULL	NULL
iostat.sda.write_byte_per_second	1511148916	50371630	3834999.390	NULL	NULL	3202358.344	NULL	1447807.370	NULL	3151564.314	NULL	NULL
iostat.sda.write_byte_per_second	1511148946	50371631	7902271.808	NULL	NULL	6518768.821	NULL	3406737.906	NULL	3053483.980	NULL	NULL
iostat.sda.write_byte_per_second	1511148976	50371632	4821248.016	NULL	NULL	6261839.713	NULL	7125642.727	NULL	1876364.168	NULL	NULL
iostat.sda.write_byte_per_second	1511149006	50371633	3210611.266	NULL	NULL	3121103.210	NULL	5052212.388	NULL	2496207.647	NULL	NULL
iostat.sda.write_byte_per_second	1511149036	50371634	4192388.934	NULL	NULL	2340132.615	NULL	3491415.378	NULL	3568773.780	NULL	NULL
iostat.sda.write_byte_per_second	1511149066	50371635	3285952.943	NULL	NULL	5339872.643	NULL	1831291.022	NULL	4042766.531	NULL	NULL
iostat.sda.write_byte_per_second	1511149096	50371636	4632785.349	NULL	NULL	2374393.372	NULL	3002025.051	NULL	3567050.764	NULL	NULL
iostat.sda.write_byte_per_second	1511149126	50371637	2988353.335	NULL	NULL	2747721.148	NULL	3225961.274	NULL	6912320.400	NULL	NULL
iostat.sda.write_byte_per_second	1511149156	50371638	4475852.612	NULL	NULL	3706895.795	NULL	1525163.913	NULL	6068106.491	NULL	NULL
iostat.sda.write_byte_per_second	1511149186	50371639	3448996.247	NULL	NULL	2160527.751	NULL	2893769.425	NULL	4181197.764	NULL	NULL
iostat.sda.write_byte_per_second	1511149216	50371640	2044589.487	NULL	NULL	2700730.208	NULL	3575546.378	NULL	2581572.533	NULL	NULL
iostat.sda.write_byte_per_second	1511149246	50371641	2092118.853	NULL	NULL	2425792.286	NULL	897377.890	NULL	1630868.998	NULL	NULL
iostat.sda.write_byte_per_second	1511149276	50371642	4395476.628	NULL	NULL	4262836.048	NULL	3856554.438	NULL	4282588.989	NULL	NULL
iostat.sda.write_byte_per_second	1511149306	50371643	4056266.148	NULL	NULL	3127570.732	NULL	4925667.105	NULL	5168787.031	NULL	NULL
iostat.sda.write_byte_per_second	1511149336	50371644	2238344.918	NULL	NULL	2363800.939	NULL	2516862.639	NULL	2555391.801	NULL	NULL
iostat.sda.write_byte_per_second	1511149366	50371645	3682853.938	NULL	NULL	4854097.924	NULL	2777778.487	NULL	4023859.586	NULL	NULL
iostat.sda.write_byte_per_second	1511149396	50371646	4595003.034	NULL	NULL	3021745.596	NULL	4611003.880	NULL	3286125.765	NULL	NULL
iostat.sda.write_byte_per_second	1511149426	50371647	3218206.654	NULL	NULL	2255902.491	NULL	1127355.769	NULL	2569043.954	NULL	NULL
iostat.sda.write_byte_per_second	1511149456	50371648	2641637.896	NULL	NULL	3906627.673	NULL	3760019.040	NULL	3337548.231	NULL	NULL
iostat.sda.write_byte_per_second	1511149486	50371649	2497004.344	NULL	NULL	2486345.190	NULL	2282181.104	NULL	3335935.021	NULL	NULL
iostat.sda.write_byte_per_second	1511149516	50371650	3459360.144	NULL	NULL	2886093.956	NULL	2025024.655	NULL	3315648.900	NULL	NULL
iostat.sda.write_byte_per_second	1511149546	50371651	2692000.424	NULL	NULL	2693332.977	NULL	4113901.080	NULL	1975358.395	NULL	NULL
iostat.sda.write_byte_per_second	1511149576	50371652	3430366.211	NULL	NULL	2271180.734	NULL	2090605.860	NULL	1520583.238	NULL	NULL
iostat.sda.write_byte_per_second	1511149606	50371653	4133843.267	NULL	NULL	3620858.561	NULL	2840869.933	NULL	3455016.665	NULL	NULL
iostat.sda.write_byte_per_second	1511149636	50371654	3232118.763	NULL	NULL	4399404.281	NULL	3058102.144	NULL	3692784.696	NULL	NULL
iostat.sda.write_byte_per_second	1511149666	50371655	3183901.773	NULL	NULL	2147407.944	NULL	2117441.626	NULL	1864324.884	NULL	NULL
iostat.sda.write_byte_per_second	1511149696	50371656	2816461.458	NULL	NULL	3105370.962	NULL	3855901.487	NULL	2606581.005	NULL	NULL
iostat.sda.write_byte_per_second	1511149726	50371657	4740941.050	NULL	NULL	3802557.294	NULL	1123055.061	NULL	3928840.236	NULL	NULL
iostat.sda.write_byte_per_second	1511149756	50371658	5065205.439	NULL	NULL	4350320.103	NULL	2485999.064	NULL	2929082.422	NULL	NULL
